id,channel,status,category,priority,target_department,domain,short_summary,requested_actions,needs_clarification,confidence,clarifying_questions,raw_text
REQ-001,Slack,ok,звіт/аналітика,medium,маркетинг,,"Привіт! Можна якось автоматизувати щотижневий звіт по Google Ads? Зараз руками вивантажую CSV і копіюю в табличку щопонеділка, займає десь годину. Треба основні метрики по кампанія",Привіт! Можна якось автоматизувати щотижневий звіт по Google Ads? Зараз руками вивантажую CSV і копіюю в табличку щопоне,False,0.80,,"Привіт! Можна якось автоматизувати щотижневий звіт по Google Ads? Зараз руками вивантажую CSV і копіюю в табличку щопонеділка, займає десь годину. Треба основні метрики по кампаніях."
REQ-002,Telegram,ok,автоматизація,medium,,,хлопці треба бот,хлопці треба бот,True,0.35,Що саме треба зробити?,хлопці треба бот
REQ-003,Email,ok,інтеграція,medium,продажі,,"Доброго дня. У відділі продажів накопичується багато транскриптів дзвінків з клієнтами. Хочемо, щоб по кожному дзвінку автоматично формувалося коротке саммарі + список домовленосте","Доброго дня. У відділі продажів накопичується багато транскриптів дзвінків з клієнтами. Хочемо, щоб по кожному дзвінку а",False,0.80,,"Доброго дня. У відділі продажів накопичується багато транскриптів дзвінків з клієнтами. Хочемо, щоб по кожному дзвінку автоматично формувалося коротке саммарі + список домовленостей, і це падало в PlanFix у картку угоди. Це реально?"
REQ-004,Slack,ok,питання/консультація,low,контент,,"Питання радше теоретичне: чи можна взагалі за допомогою AI оцінювати якість наших статей у блозі перед публікацією? Поки що нічого впроваджувати не треба, просто цікаво ваша думка.",Питання радше теоретичне: чи можна взагалі за допомогою AI оцінювати якість наших статей у блозі перед публікацією? Поки,False,0.80,,"Питання радше теоретичне: чи можна взагалі за допомогою AI оцінювати якість наших статей у блозі перед публікацією? Поки що нічого впроваджувати не треба, просто цікаво ваша думка."
REQ-005,Telegram,ok,звіт/аналітика,high,фінанси/бухгалтерія,,"ГОРИТЬ. Сьогодні до вечора треба вивантажити список усіх контрагентів з витратами понад 50к за травень, бухгалтерія просить терміново. можете швидко?","ГОРИТЬ. Сьогодні до вечора треба вивантажити список усіх контрагентів з витратами понад 50к за травень, бухгалтерія прос",False,0.80,,"ГОРИТЬ. Сьогодні до вечора треба вивантажити список усіх контрагентів з витратами понад 50к за травень, бухгалтерія просить терміново. можете швидко?"
REQ-006,Email,ok,звіт/аналітика,medium,аналітика,,"Hi team, we need a small service that takes our weekly analytics export from BigQuery and generates a short plain-language summary of the key changes week-over-week. Output ideally","Hi team, we need a small service that takes our weekly analytics export from BigQuery and generates a short plain-langua",False,0.80,,"Hi team, we need a small service that takes our weekly analytics export from BigQuery and generates a short plain-language summary of the key changes week-over-week. Output ideally in a Google Doc. Хто може взятись?"
REQ-007,Slack,ok,баг/підтримка,medium,фінанси/бухгалтерія,,"У нас зламалась автоматизація по інвойсам з Мети — з понеділка нічого не парситься, рахунки висять. Хто це робив? треба полагодити","У нас зламалась автоматизація по інвойсам з Мети — з понеділка нічого не парситься, рахунки висять. Хто це робив? треба",False,0.80,,"У нас зламалась автоматизація по інвойсам з Мети — з понеділка нічого не парситься, рахунки висять. Хто це робив? треба полагодити"
REQ-008,Telegram,ok,поза скоупом,low,,,"дякую за вчора, все працює супер 🙌",,False,0.80,,"дякую за вчора, все працює супер 🙌"
REQ-009,Email,ok,автоматизація,medium,HR,,"Колеги, в HR хочемо прискорити первинний скринінг резюме на технічні вакансії. Ідея: завантажуємо PDF резюме, на виході — структуровані поля (досвід, стек, відповідність вимогам) і","Колеги, в HR хочемо прискорити первинний скринінг резюме на технічні вакансії. Ідея: завантажуємо PDF резюме, на виході",False,0.80,,"Колеги, в HR хочемо прискорити первинний скринінг резюме на технічні вакансії. Ідея: завантажуємо PDF резюме, на виході — структуровані поля (досвід, стек, відповідність вимогам) і коротка оцінка. Обсяг — десь 30-50 резюме на тиждень."
REQ-010,Slack,ok,звіт/аналітика,medium,маркетинг,,"Можна автоматизувати збір згадок про Netpeak в телеграм-каналах і робити дайджест раз на день? І ще окремо — алерт, якщо згадка негативна. Дві задачі по суті, але обидві про моніто","Можна автоматизувати збір згадок про Netpeak в телеграм-каналах і робити дайджест раз на день? І ще окремо — алерт, якщо",False,0.80,,"Можна автоматизувати збір згадок про Netpeak в телеграм-каналах і робити дайджест раз на день? І ще окремо — алерт, якщо згадка негативна. Дві задачі по суті, але обидві про моніторинг."
REQ-011,Telegram,ok,автоматизація,medium,,,нам би табличку якусь,нам би табличку якусь,True,0.35,Що саме треба зробити?,нам би табличку якусь
REQ-012,Email,ok,поза скоупом,medium,SMM,,"Доброго дня! Хотіли б закупити новий потужний ноутбук для рендеру відео в SMM-відділі, бюджет до 80к. Куди подати заявку?","Доброго дня! Хотіли б закупити новий потужний ноутбук для рендеру відео в SMM-відділі, бюджет до 80к. Куди подати заявку",False,0.80,,"Доброго дня! Хотіли б закупити новий потужний ноутбук для рендеру відео в SMM-відділі, бюджет до 80к. Куди подати заявку?"
REQ-013,Slack,ok,звіт/аналітика,medium,маркетинг,,"Привіт. Той самий звіт по Google Ads, що Оля просила в понеділок — мені теж дуже потрібен, я в тій же команді. Можна щоб і мені приходив?","Привіт. Той самий звіт по Google Ads, що Оля просила в понеділок — мені теж дуже потрібен, я в тій же команді. Можна щоб",False,0.80,,"Привіт. Той самий звіт по Google Ads, що Оля просила в понеділок — мені теж дуже потрібен, я в тій же команді. Можна щоб і мені приходив?"
REQ-014,Telegram,ok,автоматизація,high,,,"є ідея, гляньте https://example.com/some-tool можливо щось схоже зробимо для нас, не горить","є ідея, гляньте https://example.com/some-tool можливо щось схоже зробимо для нас, не горить",False,0.80,,"є ідея, гляньте https://example.com/some-tool можливо щось схоже зробимо для нас, не горить"
REQ-015,Email,ok,автоматизація,medium,контент,,"Команда контенту просить інструмент, який з довгого інтерв'ю (текст 10-15 сторінок) робить 5 коротких постів для соцмереж у нашому tone of voice. Пріоритет середній, треба десь до","Команда контенту просить інструмент, який з довгого інтерв'ю (текст 10-15 сторінок) робить 5 коротких постів для соцмере",False,0.80,,"Команда контенту просить інструмент, який з довгого інтерв'ю (текст 10-15 сторінок) робить 5 коротких постів для соцмереж у нашому tone of voice. Пріоритет середній, треба десь до кінця місяця."
REQ-016,Slack,ok,питання/консультація,medium,,,чат це нормально що в ассистента по базі знань іноді відповіді не зовсім по темі? просто хочу зрозуміти це баг чи так і має бути,чат це нормально що в ассистента по базі знань іноді відповіді не зовсім по темі? просто хочу зрозуміти це баг чи так і,False,0.80,,чат це нормально що в ассистента по базі знань іноді відповіді не зовсім по темі? просто хочу зрозуміти це баг чи так і має бути
REQ-017,Telegram,ok,інтеграція,high,підтримка,,терміново треба інтеграція слака з планфіксом щоб задачі з каналу #support автоматом створювались тікетами. дуже багато ручної роботи зараз,терміново треба інтеграція слака з планфіксом щоб задачі з каналу #support автоматом створювались тікетами. дуже багато,False,0.80,,терміново треба інтеграція слака з планфіксом щоб задачі з каналу #support автоматом створювались тікетами. дуже багато ручної роботи зараз
REQ-018,Email,ok,звіт/аналітика,medium,аналітика,,"Доброго ранку. Аналітика хоче дашборд, який раз на день підтягує дані з BigQuery і показує аномалії у витратах по підрядниках (різкі стрибки). Бажано з поясненням природною мовою,","Доброго ранку. Аналітика хоче дашборд, який раз на день підтягує дані з BigQuery і показує аномалії у витратах по підряд",False,0.80,,"Доброго ранку. Аналітика хоче дашборд, який раз на день підтягує дані з BigQuery і показує аномалії у витратах по підрядниках (різкі стрибки). Бажано з поясненням природною мовою, чому щось виглядає підозріло."
